{"base_weights": {"HumanEval/65": 0.45034013605442175, "HumanEval/21": 0.014285714285714285, "HumanEval/91": 0.33129251700680273, "HumanEval/94": 1.0, "HumanEval/52": 0.010884353741496598, "HumanEval/156": 0.008843537414965987, "HumanEval/77": 0.06938775510204082, "HumanEval/95": 0.0836734693877551, "HumanEval/31": 0.0673469387755102, "HumanEval/134": 0.8421768707482993, "HumanEval/125": 0.9959183673469387, "HumanEval/124": 0.14625850340136054, "HumanEval/7": 0.010884353741496598, "HumanEval/11": 0.006122448979591836, "HumanEval/151": 0.4054421768707483, "HumanEval/13": 0.0027210884353741495, "HumanEval/20": 0.014965986394557823, "HumanEval/82": 0.061224489795918366, "HumanEval/126": 0.19591836734693877, "HumanEval/76": 0.16054421768707483, "HumanEval/45": 0.01292517006802721, "HumanEval/108": 0.9993197278911564, "HumanEval/61": 0.008843537414965987, "HumanEval/41": 0.3360544217687075, "HumanEval/118": 0.9183673469387755, "HumanEval/110": 0.827891156462585, "HumanEval/129": 0.9979591836734694, "HumanEval/87": 0.21972789115646257, "HumanEval/135": 0.9761904761904762, "HumanEval/19": 0.02585034013605442, "HumanEval/58": 0.011564625850340135, "HumanEval/106": 0.050340136054421766, "HumanEval/62": 0.2687074829931973, "HumanEval/81": 0.9816326530612245, "HumanEval/121": 0.936734693877551, "HumanEval/56": 0.017687074829931974, "HumanEval/64": 0.12993197278911564, "HumanEval/160": 0.8183673469387756, "HumanEval/159": 0.6061224489795919, "HumanEval/43": 0.02312925170068027, "HumanEval/122": 0.9993197278911564, "HumanEval/12": 0.18435374149659864, "HumanEval/42": 0.047619047619047616, "HumanEval/101": 0.15034013605442176, "HumanEval/111": 0.13537414965986394, "HumanEval/3": 0.0727891156462585, "HumanEval/40": 0.04149659863945578, "HumanEval/53": 0.0027210884353741495, "HumanEval/14": 0.00816326530612245, "HumanEval/23": 0.008843537414965987, "HumanEval/141": 0.2748299319727891, "HumanEval/54": 0.9414965986394558, "HumanEval/138": 0.18571428571428572, "HumanEval/32": 1.0, "HumanEval/103": 0.8591836734693877, "HumanEval/26": 1.0, "HumanEval/50": 0.3768707482993197, "HumanEval/119": 0.7374149659863946, "HumanEval/66": 0.018367346938775512, "HumanEval/98": 0.36054421768707484, "HumanEval/51": 0.003401360544217687, "HumanEval/146": 0.03877551020408163, "HumanEval/157": 0.15170068027210884, "HumanEval/89": 0.24761904761904763, "HumanEval/105": 0.015646258503401362, "HumanEval/38": 0.07346938775510205, "HumanEval/86": 0.0653061224489796, "HumanEval/88": 0.29591836734693877, "HumanEval/73": 0.46530612244897956, "HumanEval/155": 0.23265306122448978, "HumanEval/107": 0.0380952380952381, "HumanEval/150": 0.08095238095238096, "HumanEval/28": 0.017006802721088437, "HumanEval/48": 0.008843537414965987, "HumanEval/83": 0.9591836734693877, "HumanEval/55": 0.05102040816326531, "HumanEval/144": 0.0673469387755102, "HumanEval/34": 0.006802721088435374, "HumanEval/59": 0.1945578231292517, "HumanEval/104": 0.029931972789115645, "HumanEval/158": 0.03945578231292517, "HumanEval/120": 0.9340136054421768, "HumanEval/142": 0.4782312925170068, "HumanEval/116": 0.12448979591836734, "HumanEval/140": 0.9238095238095239, "HumanEval/149": 0.050340136054421766, "HumanEval/17": 0.02312925170068027, "HumanEval/30": 0.0013605442176870747, "HumanEval/136": 0.023809523809523808, "HumanEval/100": 0.9993197278911564, "HumanEval/72": 0.05646258503401361, "HumanEval/137": 0.3476190476190476, "HumanEval/63": 0.19387755102040816, "HumanEval/102": 0.11224489795918367, "HumanEval/143": 0.04693877551020408, "HumanEval/35": 0.007482993197278911, "HumanEval/46": 0.012244897959183673, "HumanEval/1": 0.4489795918367347, "HumanEval/117": 0.14081632653061224, "HumanEval/123": 0.22857142857142856, "HumanEval/132": 1.0, "HumanEval/75": 0.6448979591836734, "HumanEval/133": 0.05986394557823129, "HumanEval/44": 0.006802721088435374, "HumanEval/153": 0.050340136054421766, "HumanEval/112": 0.030612244897959183, "HumanEval/2": 0.01904761904761905, "HumanEval/131": 0.7020408163265306, "HumanEval/4": 0.024489795918367346, "HumanEval/16": 0.45374149659863944, "HumanEval/29": 0.008843537414965987, "HumanEval/22": 0.006802721088435374, "HumanEval/128": 0.9333333333333333, "HumanEval/85": 0.04557823129251701, "HumanEval/109": 0.42448979591836733, "HumanEval/69": 0.26598639455782314, "HumanEval/84": 0.7904761904761904, "HumanEval/49": 0.004761904761904762, "HumanEval/71": 0.017006802721088437, "HumanEval/145": 1.0, "HumanEval/97": 0.017006802721088437, "HumanEval/18": 0.09591836734693877, "HumanEval/5": 0.006802721088435374, "HumanEval/115": 0.8108843537414966, "HumanEval/27": 0.006122448979591836, "HumanEval/6": 0.39931972789115644, "HumanEval/47": 0.011564625850340135, "HumanEval/127": 0.9455782312925171, "HumanEval/162": 0.029251700680272108, "HumanEval/152": 0.017006802721088437, "HumanEval/163": 0.9938775510204082, "HumanEval/57": 0.34217687074829933, "HumanEval/60": 0.004761904761904762, "HumanEval/154": 0.9095238095238095, "HumanEval/74": 0.308843537414966, "HumanEval/90": 0.03945578231292517, "HumanEval/37": 0.0163265306122449, "HumanEval/130": 1.0, "HumanEval/79": 0.026530612244897958, "HumanEval/67": 0.17142857142857143, "HumanEval/80": 0.0836734693877551, "HumanEval/147": 0.46122448979591835, "HumanEval/96": 0.33129251700680273, "HumanEval/92": 0.05238095238095238, "HumanEval/0": 0.04217687074829932, "HumanEval/68": 0.06326530612244897, "HumanEval/113": 0.9224489795918367, "HumanEval/148": 0.3224489795918367, "HumanEval/93": 0.8775510204081632, "HumanEval/99": 0.49047619047619045, "HumanEval/9": 0.04081632653061224, "HumanEval/33": 0.3768707482993197, "HumanEval/10": 0.7149659863945578, "HumanEval/78": 0.053061224489795916, "HumanEval/114": 0.10408163265306122, "HumanEval/70": 0.012244897959183673, "HumanEval/161": 0.058503401360544216, "HumanEval/8": 0.004081632653061225, "HumanEval/24": 0.015646258503401362, "HumanEval/25": 0.023809523809523808, "HumanEval/36": 0.2979591836734694, "HumanEval/15": 0.015646258503401362, "HumanEval/139": 0.13877551020408163, "HumanEval/39": 0.6578231292517007}, "plus_weights": {"HumanEval/65": 0.45850340136054424, "HumanEval/21": 0.014285714285714285, "HumanEval/91": 0.9952380952380953, "HumanEval/94": 1.0, "HumanEval/52": 0.08843537414965986, "HumanEval/156": 0.008843537414965987, "HumanEval/77": 0.06938775510204082, "HumanEval/95": 0.0836734693877551, "HumanEval/31": 0.13333333333333333, "HumanEval/134": 0.8904761904761904, "HumanEval/125": 0.9959183673469387, "HumanEval/124": 0.9979591836734694, "HumanEval/7": 0.025170068027210883, "HumanEval/11": 0.006802721088435374, "HumanEval/151": 0.44829931972789117, "HumanEval/13": 0.0027210884353741495, "HumanEval/20": 0.014965986394557823, "HumanEval/82": 0.061224489795918366, "HumanEval/126": 0.15374149659863945, "HumanEval/76": 0.6952380952380952, "HumanEval/45": 0.01292517006802721, "HumanEval/108": 1.0, "HumanEval/61": 0.009523809523809525, "HumanEval/41": 0.3360544217687075, "HumanEval/118": 0.9197278911564626, "HumanEval/110": 0.9258503401360544, "HumanEval/129": 0.9979591836734694, "HumanEval/87": 0.24557823129251702, "HumanEval/135": 0.9795918367346939, "HumanEval/19": 0.05510204081632653, "HumanEval/58": 0.012244897959183673, "HumanEval/106": 0.15034013605442176, "HumanEval/62": 0.272108843537415, "HumanEval/81": 0.9816326530612245, "HumanEval/121": 0.936734693877551, "HumanEval/56": 0.018367346938775512, "HumanEval/64": 0.4122448979591837, "HumanEval/160": 0.826530612244898, "HumanEval/159": 0.6061224489795919, "HumanEval/43": 0.04625850340136054, "HumanEval/122": 0.9993197278911564, "HumanEval/12": 0.19387755102040816, "HumanEval/42": 0.07755102040816327, "HumanEval/101": 0.6802721088435374, "HumanEval/111": 0.13537414965986394, "HumanEval/3": 0.0727891156462585, "HumanEval/40": 0.050340136054421766, "HumanEval/53": 0.004081632653061225, "HumanEval/14": 0.00816326530612245, "HumanEval/23": 0.008843537414965987, "HumanEval/141": 0.3047619047619048, "HumanEval/54": 0.9414965986394558, "HumanEval/138": 0.19115646258503402,