{
    "base_weights": {
        "HumanEval/137": 0.0033333333333333335,
        "HumanEval/155": 0.0033333333333333335,
        "HumanEval/152": 0.0033333333333333335,
        "HumanEval/163": 0.38666666666666666,
        "HumanEval/108": 0.15333333333333332,
        "HumanEval/4": 0.0,
        "HumanEval/106": 0.0033333333333333335,
        "HumanEval/101": 0.03666666666666667,
        "HumanEval/3": 0.006666666666666667,
        "HumanEval/162": 0.0033333333333333335,
        "HumanEval/153": 0.0033333333333333335,
        "HumanEval/154": 0.01,
        "HumanEval/139": 0.0033333333333333335,
        "HumanEval/2": 0.22666666666666666,
        "HumanEval/100": 0.04,
        "HumanEval/107": 0.0033333333333333335,
        "HumanEval/138": 0.006666666666666667,
        "HumanEval/5": 0.0,
        "HumanEval/131": 0.0033333333333333335,
        "HumanEval/130": 0.51,
        "HumanEval/136": 0.0033333333333333335,
        "HumanEval/20": 0.0033333333333333335,
        "HumanEval/109": 0.0033333333333333335,
        "HumanEval/27": 0.006666666666666667,
        "HumanEval/18": 0.0033333333333333335,
        "HumanEval/11": 0.0,
        "HumanEval/16": 0.15,
        "HumanEval/29": 0.0033333333333333335,
        "HumanEval/89": 0.01,
        "HumanEval/42": 0.0033333333333333335,
        "HumanEval/45": 0.0033333333333333335,
        "HumanEval/87": 0.01,
        "HumanEval/73": 0.0033333333333333335,
        "HumanEval/74": 0.89,
        "HumanEval/80": 0.0033333333333333335,
        "HumanEval/17": 0.0,
        "HumanEval/28": 0.0033333333333333335,
        "HumanEval/10": 0.02,
        "HumanEval/26": 0.0033333333333333335,
        "HumanEval/19": 0.0033333333333333335,
        "HumanEval/21": 0.0033333333333333335,
        "HumanEval/81": 0.08,
        "HumanEval/75": 0.49666666666666665,
        "HumanEval/72": 0.0033333333333333335,
        "HumanEval/86": 0.006666666666666667,
        "HumanEval/44": 0.0033333333333333335,
        "HumanEval/88": 0.0033333333333333335,
        "HumanEval/43": 0.0033333333333333335,
        "HumanEval/95": 0.006666666666666667,
        "HumanEval/61": 0.0033333333333333335,
        "HumanEval/59": 0.0033333333333333335,
        "HumanEval/66": 0.0033333333333333335,
        "HumanEval/92": 0.0033333333333333335,
        "HumanEval/57": 0.0033333333333333335,
        "HumanEval/50": 0.013333333333333334,
        "HumanEval/68": 0.0033333333333333335,
        "HumanEval/35": 0.0033333333333333335,
        "HumanEval/32": 0.6533333333333333,
        "HumanEval/56": 0.0033333333333333335,
        "HumanEval/69": 0.006666666666666667,
        "HumanEval/93": 0.5833333333333334,
        "HumanEval/67": 0.0033333333333333335,
        "HumanEval/51": 0.006666666666666667,
        "HumanEval/58": 0.0033333333333333335,
        "HumanEval/60": 0.0033333333333333335,
        "HumanEval/34": 0.0033333333333333335,
        "HumanEval/33": 0.0033333333333333335,
        "HumanEval/114": 0.02,
        "HumanEval/113": 0.0033333333333333335,
        "HumanEval/125": 0.14,
        "HumanEval/122": 0.0033333333333333335,
        "HumanEval/149": 0.0033333333333333335,
        "HumanEval/140": 0.42,
        "HumanEval/123": 0.0033333333333333335,
        "HumanEval/124": 0.0033333333333333335,
        "HumanEval/112": 0.0033333333333333335,
        "HumanEval/115": 0.7033333333333334,
        "HumanEval/141": 0.11666666666666667,
        "HumanEval/146": 0.0033333333333333335,
        "HumanEval/148": 0.006666666666666667,
        "HumanEval/133": 0.0033333333333333335,
        "HumanEval/134": 0.9966666666666667,
        "HumanEval/9": 0.0033333333333333335,
        "HumanEval/0": 0.0,
        "HumanEval/102": 0.0033333333333333335,
        "HumanEval/105": 0.0033333333333333335,
        "HumanEval/7": 0.0,
        "HumanEval/151": 0.006666666666666667,
        "HumanEval/156": 0.0033333333333333335,
        "HumanEval/160": 0.23333333333333334,
        "HumanEval/158": 0.0033333333333333335,
        "HumanEval/104": 0.0033333333333333335,
        "HumanEval/147": 0.0033333333333333335,
        "HumanEval/6": 0.0,
        "HumanEval/94": 0.0033333333333333335,
        "HumanEval/1": 0.0033333333333333335,
        "HumanEval/135": 0.07,
        "HumanEval/8": 0.02666666666666667,
        "HumanEval/132": 0.9966666666666667,
        "HumanEval/159": 0.5133333333333333,
        "HumanEval/161": 0.0033333333333333335,
        "HumanEval/157": 0.0033333333333333335,
        "HumanEval/150": 0.0033333333333333335,
        "HumanEval/79": 0.0033333333333333335,
        "HumanEval/46": 0.0033333333333333335,
        "HumanEval/41": 0.0033333333333333335,
        "HumanEval/48": 0.0033333333333333335,
        "HumanEval/77": 0.0033333333333333335,
        "HumanEval/83": 0.4866666666666667,
        "HumanEval/70": 0.006666666666666667,
        "HumanEval/84": 0.006666666666666667,
        "HumanEval/103": 0.0033333333333333335,
        "HumanEval/23": 0.0033333333333333335,
        "HumanEval/12": 0.0033333333333333335,
        "HumanEval/71": 0.006666666666666667,
        "HumanEval/85": 0.0033333333333333335,
        "HumanEval/24": 0.0033333333333333335,
        "HumanEval/82": 0.0033333333333333335,
        "HumanEval/49": 0.0033333333333333335,
        "HumanEval/76": 0.17333333333333334,
        "HumanEval/40": 0.09,
        "HumanEval/47": 0.0033333333333333335,
        "HumanEval/78": 0.013333333333333334,
        "HumanEval/13": 0.0,
        "HumanEval/22": 0.0033333333333333335,
        "HumanEval/14": 0.0,
        "HumanEval/38": 0.006666666666666667,
        "HumanEval/25": 0.0033333333333333335,
        "HumanEval/31": 0.0033333333333333335,
        "HumanEval/65": 0.74,
        "HumanEval/91": 0.98,
        "HumanEval/62": 0.02,
        "HumanEval/54": 0.17333333333333334,
        "HumanEval/96": 0.0033333333333333335,
        "HumanEval/53": 0.0033333333333333335,
        "HumanEval/98": 0.0033333333333333335,
        "HumanEval/30": 0.0033333333333333335,
        "HumanEval/37": 0.0033333333333333335,
        "HumanEval/36": 0.0033333333333333335,
        "HumanEval/52": 0.0033333333333333335,
        "HumanEval/99": 0.27666666666666667,
        "HumanEval/55": 0.0033333333333333335,
        "HumanEval/39": 0.46,
        "HumanEval/63": 0.0033333333333333335,
        "HumanEval/90": 0.0033333333333333335,
        "HumanEval/97": 0.0033333333333333335,
        "HumanEval/64": 0.006666666666666667,
        "HumanEval/143": 0.0033333333333333335,
        "HumanEval/144": 0.0033333333333333335,
        "HumanEval/110": 0.16,
        "HumanEval/128": 0.01,
        "HumanEval/117": 0.0033333333333333335,
        "HumanEval/121": 0.0033333333333333335,
        "HumanEval/15": 0.0,
        "HumanEval/119": 0.23333333333333334,
        "HumanEval/126": 0.4866666666666667,
        "HumanEval/145": 1.0,
        "HumanEval/142": 0.006666666666666667,
        "HumanEval/118": 0.09666666666666666,
        "HumanEval/127": 0.056666666666666664,
        "HumanEval/120": 0.023333333333333334,
        "HumanEval/116": 0.25333333333333335,
        "HumanEval/111": 0.006666666666666667,
        "HumanEval/129": 1.0
    },
    "plus_weights": {
        "HumanEval/137": 0.023333333333333334,
        "HumanEval/155": 0.0033333333333333335,
        "HumanEval/152": 0.0033333333333333335,
        "HumanEval/163": 0.63,
        "HumanEval/108": 0.15333333333333332,
        "HumanEval/4": 0.0,
        "HumanEval/106": 0.0033333333333333335,
        "HumanEval/101": 0.03666666666666667,
        "HumanEval/3": 0.006666666666666667,
        "HumanEval/162": 0.0033333333333333335,
        "HumanEval/153": 0.0033333333333333335,
        "HumanEval/154": 0.9933333333333333,
        "HumanEval/139": 1.0,
        "HumanEval/2": 0.22666666666666666,
        "HumanEval/100": 0.04,
        "HumanEval/107": 0.0033333333333333335,
        "HumanEval/138": 0.006666666666666667,
        "HumanEval/5": 0.0,
        "HumanEval/131": 0.0033333333333333335,